{
  "prepare_queue": {
    "installed": [],
    "uninstalled": []
  },
  "config_munge": {
    "files": {
      "config.xml": {
        "parents": {
          "/*": [
            {
              "xml": "<feature name=\"Device\"><param name=\"browser-package\" value=\"Device\" /></feature>",
              "count": 1
            },
            {
              "xml": "<feature name=\"Checkout\"><param name=\"browser-package\" value=\"Checkout\" /></feature>",
              "count": 1
            }
          ]
        }
      }
    }
  },
  "installed_plugins": {
    "cordova-plugin-whitelist": {
      "PACKAGE_NAME": "io.ionic.starter"
    },
    "cordova-plugin-statusbar": {
      "PACKAGE_NAME": "io.ionic.starter"
    },
    "cordova-plugin-device": {
      "PACKAGE_NAME": "io.ionic.starter"
    },
    "cordova-plugin-splashscreen": {
      "PACKAGE_NAME": "io.ionic.starter"
    },
    "cordova-plugin-ionic-webview": {
      "PACKAGE_NAME": "io.ionic.starter"
    },
    "cordova-plugin-ionic-keyboard": {
      "PACKAGE_NAME": "io.ionic.starter"
    },
    "com.razorpay.cordova": {
      "PACKAGE_NAME": "io.ionic.starter"
    }
  },
  "dependent_plugins": {},
  "modules": [
    {
      "file": "plugins/cordova-plugin-statusbar/www/statusbar.js",
      "id": "cordova-plugin-statusbar.statusbar",
      "pluginId": "cordova-plugin-statusbar",
      "clobbers": [
        "window.StatusBar"
      ]
    },
    {
      "file": "plugins/cordova-plugin-statusbar/src/browser/StatusBarProxy.js",
      "id": "cordova-plugin-statusbar.StatusBarProxy",
      "pluginId": "cordova-plugin-statusbar",
      "runs": true
    },
    {
      "file": "plugins/cordova-plugin-device/www/device.js",
      "id": "cordova-plugin-device.device",
      "pluginId": "cordova-plugin-device",
      "clobbers": [
        "device"
      ]
    },
    {
      "file": "plugins/cordova-plugin-device/src/browser/DeviceProxy.js",
      "id": "cordova-plugin-device.DeviceProxy",
      "pluginId": "cordova-plugin-device",
      "runs": true
    },
    {
      "file": "plugins/cordova-plugin-splashscreen/www/splashscreen.js",
      "id": "cordova-plugin-splashscreen.SplashScreen",
      "pluginId": "cordova-plugin-splashscreen",
      "clobbers": [
        "navigator.splashscreen"
      ]
    },
    {
      "file": "plugins/cordova-plugin-splashscreen/src/browser/SplashScreenProxy.js",
      "id": "cordova-plugin-splashscreen.SplashScreenProxy",
      "pluginId": "cordova-plugin-splashscreen",
      "runs": true
    },
    {
      "file": "plugins/cordova-plugin-ionic-webview/src/www/util.js",
      "id": "cordova-plugin-ionic-webview.IonicWebView",
      "pluginId": "cordova-plugin-ionic-webview",
      "clobbers": [
        "Ionic.WebView"
      ]
    },
    {
      "file": "plugins/com.razorpay.cordova/www/RazorpayCheckout.js",
      "id": "com.razorpay.cordova.RazorpayCheckout",
      "pluginId": "com.razorpay.cordova",
      "clobbers": [
        "RazorpayCheckout"
      ]
    },
    {
      "file": "plugins/com.razorpay.cordova/src/browser/CheckoutProxy.js",
      "id": "com.razorpay.cordova.CheckoutProxy",
      "pluginId": "com.razorpay.cordova",
      "runs": true
    }
  ],
  "plugin_metadata": {
    "cordova-plugin-whitelist": "1.3.3",
    "cordova-plugin-statusbar": "2.4.2",
    "cordova-plugin-device": "2.0.2",
    "cordova-plugin-splashscreen": "5.0.2",
    "cordova-plugin-ionic-webview": "4.2.1",
    "cordova-plugin-ionic-keyboard": "2.2.0",
    "com.razorpay.cordova": "0.16.1"
  }
}
